--
-- PostgreSQL database dump
--

-- Dumped from database version 16.4 (Debian 16.4-1.pgdg120+1)
-- Dumped by pg_dump version 16.4 (Debian 16.4-1.pgdg120+1)

SET statement_timeout = 0;
SET lock_timeout = 0;
SET idle_in_transaction_session_timeout = 0;
SET client_encoding = 'UTF8';
SET standard_conforming_strings = on;
SELECT pg_catalog.set_config('search_path', '', false);
SET check_function_bodies = false;
SET xmloption = content;
SET client_min_messages = warning;
SET row_security = off;

SET default_tablespace = '';

SET default_table_access_method = heap;

--
-- Name: account_emailaddress; Type: TABLE; Schema: public; Owner: postgres
--

CREATE TABLE public.account_emailaddress (
    id integer NOT NULL,
    email character varying(254) NOT NULL,
    verified boolean NOT NULL,
    "primary" boolean NOT NULL,
    user_id integer NOT NULL
);


ALTER TABLE public.account_emailaddress OWNER TO postgres;

--
-- Name: account_emailaddress_id_seq; Type: SEQUENCE; Schema: public; Owner: postgres
--

ALTER TABLE public.account_emailaddress ALTER COLUMN id ADD GENERATED BY DEFAULT AS IDENTITY (
    SEQUENCE NAME public.account_emailaddress_id_seq
    START WITH 1
    INCREMENT BY 1
    NO MINVALUE
    NO MAXVALUE
    CACHE 1
);


--
-- Name: account_emailconfirmation; Type: TABLE; Schema: public; Owner: postgres
--

CREATE TABLE public.account_emailconfirmation (
    id integer NOT NULL,
    created timestamp with time zone NOT NULL,
    sent timestamp with time zone,
    key character varying(64) NOT NULL,
    email_address_id integer NOT NULL
);


ALTER TABLE public.account_emailconfirmation OWNER TO postgres;

--
-- Name: account_emailconfirmation_id_seq; Type: SEQUENCE; Schema: public; Owner: postgres
--

ALTER TABLE public.account_emailconfirmation ALTER COLUMN id ADD GENERATED BY DEFAULT AS IDENTITY (
    SEQUENCE NAME public.account_emailconfirmation_id_seq
    START WITH 1
    INCREMENT BY 1
    NO MINVALUE
    NO MAXVALUE
    CACHE 1
);


--
-- Name: auth_group; Type: TABLE; Schema: public; Owner: postgres
--

CREATE TABLE public.auth_group (
    id integer NOT NULL,
    name character varying(150) NOT NULL
);


ALTER TABLE public.auth_group OWNER TO postgres;

--
-- Name: auth_group_id_seq; Type: SEQUENCE; Schema: public; Owner: postgres
--

ALTER TABLE public.auth_group ALTER COLUMN id ADD GENERATED BY DEFAULT AS IDENTITY (
    SEQUENCE NAME public.auth_group_id_seq
    START WITH 1
    INCREMENT BY 1
    NO MINVALUE
    NO MAXVALUE
    CACHE 1
);


--
-- Name: auth_group_permissions; Type: TABLE; Schema: public; Owner: postgres
--

CREATE TABLE public.auth_group_permissions (
    id bigint NOT NULL,
    group_id integer NOT NULL,
    permission_id integer NOT NULL
);


ALTER TABLE public.auth_group_permissions OWNER TO postgres;

--
-- Name: auth_group_permissions_id_seq; Type: SEQUENCE; Schema: public; Owner: postgres
--

ALTER TABLE public.auth_group_permissions ALTER COLUMN id ADD GENERATED BY DEFAULT AS IDENTITY (
    SEQUENCE NAME public.auth_group_permissions_id_seq
    START WITH 1
    INCREMENT BY 1
    NO MINVALUE
    NO MAXVALUE
    CACHE 1
);


--
-- Name: auth_permission; Type: TABLE; Schema: public; Owner: postgres
--

CREATE TABLE public.auth_permission (
    id integer NOT NULL,
    name character varying(255) NOT NULL,
    content_type_id integer NOT NULL,
    codename character varying(100) NOT NULL
);


ALTER TABLE public.auth_permission OWNER TO postgres;

--
-- Name: auth_permission_id_seq; Type: SEQUENCE; Schema: public; Owner: postgres
--

ALTER TABLE public.auth_permission ALTER COLUMN id ADD GENERATED BY DEFAULT AS IDENTITY (
    SEQUENCE NAME public.auth_permission_id_seq
    START WITH 1
    INCREMENT BY 1
    NO MINVALUE
    NO MAXVALUE
    CACHE 1
);


--
-- Name: auth_user; Type: TABLE; Schema: public; Owner: postgres
--

CREATE TABLE public.auth_user (
    id integer NOT NULL,
    password character varying(128) NOT NULL,
    last_login timestamp with time zone,
    is_superuser boolean NOT NULL,
    username character varying(150) NOT NULL,
    first_name character varying(150) NOT NULL,
    last_name character varying(150) NOT NULL,
    email character varying(254) NOT NULL,
    is_staff boolean NOT NULL,
    is_active boolean NOT NULL,
    date_joined timestamp with time zone NOT NULL
);


ALTER TABLE public.auth_user OWNER TO postgres;

--
-- Name: auth_user_groups; Type: TABLE; Schema: public; Owner: postgres
--

CREATE TABLE public.auth_user_groups (
    id bigint NOT NULL,
    user_id integer NOT NULL,
    group_id integer NOT NULL
);


ALTER TABLE public.auth_user_groups OWNER TO postgres;

--
-- Name: auth_user_groups_id_seq; Type: SEQUENCE; Schema: public; Owner: postgres
--

ALTER TABLE public.auth_user_groups ALTER COLUMN id ADD GENERATED BY DEFAULT AS IDENTITY (
    SEQUENCE NAME public.auth_user_groups_id_seq
    START WITH 1
    INCREMENT BY 1
    NO MINVALUE
    NO MAXVALUE
    CACHE 1
);


--
-- Name: auth_user_id_seq; Type: SEQUENCE; Schema: public; Owner: postgres
--

ALTER TABLE public.auth_user ALTER COLUMN id ADD GENERATED BY DEFAULT AS IDENTITY (
    SEQUENCE NAME public.auth_user_id_seq
    START WITH 1
    INCREMENT BY 1
    NO MINVALUE
    NO MAXVALUE
    CACHE 1
);


--
-- Name: auth_user_user_permissions; Type: TABLE; Schema: public; Owner: postgres
--

CREATE TABLE public.auth_user_user_permissions (
    id bigint NOT NULL,
    user_id integer NOT NULL,
    permission_id integer NOT NULL
);


ALTER TABLE public.auth_user_user_permissions OWNER TO postgres;

--
-- Name: auth_user_user_permissions_id_seq; Type: SEQUENCE; Schema: public; Owner: postgres
--

ALTER TABLE public.auth_user_user_permissions ALTER COLUMN id ADD GENERATED BY DEFAULT AS IDENTITY (
    SEQUENCE NAME public.auth_user_user_permissions_id_seq
    START WITH 1
    INCREMENT BY 1
    NO MINVALUE
    NO MAXVALUE
    CACHE 1
);


--
-- Name: django_admin_log; Type: TABLE; Schema: public; Owner: postgres
--

CREATE TABLE public.django_admin_log (
    id integer NOT NULL,
    action_time timestamp with time zone NOT NULL,
    object_id text,
    object_repr character varying(200) NOT NULL,
    action_flag smallint NOT NULL,
    change_message text NOT NULL,
    content_type_id integer,
    user_id integer NOT NULL,
    CONSTRAINT django_admin_log_action_flag_check CHECK ((action_flag >= 0))
);


ALTER TABLE public.django_admin_log OWNER TO postgres;

--
-- Name: django_admin_log_id_seq; Type: SEQUENCE; Schema: public; Owner: postgres
--

ALTER TABLE public.django_admin_log ALTER COLUMN id ADD GENERATED BY DEFAULT AS IDENTITY (
    SEQUENCE NAME public.django_admin_log_id_seq
    START WITH 1
    INCREMENT BY 1
    NO MINVALUE
    NO MAXVALUE
    CACHE 1
);


--
-- Name: django_content_type; Type: TABLE; Schema: public; Owner: postgres
--

CREATE TABLE public.django_content_type (
    id integer NOT NULL,
    app_label character varying(100) NOT NULL,
    model character varying(100) NOT NULL
);


ALTER TABLE public.django_content_type OWNER TO postgres;

--
-- Name: django_content_type_id_seq; Type: SEQUENCE; Schema: public; Owner: postgres
--

ALTER TABLE public.django_content_type ALTER COLUMN id ADD GENERATED BY DEFAULT AS IDENTITY (
    SEQUENCE NAME public.django_content_type_id_seq
    START WITH 1
    INCREMENT BY 1
    NO MINVALUE
    NO MAXVALUE
    CACHE 1
);


--
-- Name: django_migrations; Type: TABLE; Schema: public; Owner: postgres
--

CREATE TABLE public.django_migrations (
    id bigint NOT NULL,
    app character varying(255) NOT NULL,
    name character varying(255) NOT NULL,
    applied timestamp with time zone NOT NULL
);


ALTER TABLE public.django_migrations OWNER TO postgres;

--
-- Name: django_migrations_id_seq; Type: SEQUENCE; Schema: public; Owner: postgres
--

ALTER TABLE public.django_migrations ALTER COLUMN id ADD GENERATED BY DEFAULT AS IDENTITY (
    SEQUENCE NAME public.django_migrations_id_seq
    START WITH 1
    INCREMENT BY 1
    NO MINVALUE
    NO MAXVALUE
    CACHE 1
);


--
-- Name: django_session; Type: TABLE; Schema: public; Owner: postgres
--

CREATE TABLE public.django_session (
    session_key character varying(40) NOT NULL,
    session_data text NOT NULL,
    expire_date timestamp with time zone NOT NULL
);


ALTER TABLE public.django_session OWNER TO postgres;

--
-- Name: django_site; Type: TABLE; Schema: public; Owner: postgres
--

CREATE TABLE public.django_site (
    id integer NOT NULL,
    domain character varying(100) NOT NULL,
    name character varying(50) NOT NULL
);


ALTER TABLE public.django_site OWNER TO postgres;

--
-- Name: django_site_id_seq; Type: SEQUENCE; Schema: public; Owner: postgres
--

ALTER TABLE public.django_site ALTER COLUMN id ADD GENERATED BY DEFAULT AS IDENTITY (
    SEQUENCE NAME public.django_site_id_seq
    START WITH 1
    INCREMENT BY 1
    NO MINVALUE
    NO MAXVALUE
    CACHE 1
);


--
-- Name: socialaccount_socialaccount; Type: TABLE; Schema: public; Owner: postgres
--

CREATE TABLE public.socialaccount_socialaccount (
    id integer NOT NULL,
    provider character varying(200) NOT NULL,
    uid character varying(191) NOT NULL,
    last_login timestamp with time zone NOT NULL,
    date_joined timestamp with time zone NOT NULL,
    extra_data jsonb NOT NULL,
    user_id integer NOT NULL
);


ALTER TABLE public.socialaccount_socialaccount OWNER TO postgres;

--
-- Name: socialaccount_socialaccount_id_seq; Type: SEQUENCE; Schema: public; Owner: postgres
--

ALTER TABLE public.socialaccount_socialaccount ALTER COLUMN id ADD GENERATED BY DEFAULT AS IDENTITY (
    SEQUENCE NAME public.socialaccount_socialaccount_id_seq
    START WITH 1
    INCREMENT BY 1
    NO MINVALUE
    NO MAXVALUE
    CACHE 1
);


--
-- Name: socialaccount_socialapp; Type: TABLE; Schema: public; Owner: postgres
--

CREATE TABLE public.socialaccount_socialapp (
    id integer NOT NULL,
    provider character varying(30) NOT NULL,
    name character varying(40) NOT NULL,
    client_id character varying(191) NOT NULL,
    secret character varying(191) NOT NULL,
    key character varying(191) NOT NULL,
    provider_id character varying(200) NOT NULL,
    settings jsonb NOT NULL
);


ALTER TABLE public.socialaccount_socialapp OWNER TO postgres;

--
-- Name: socialaccount_socialapp_id_seq; Type: SEQUENCE; Schema: public; Owner: postgres
--

ALTER TABLE public.socialaccount_socialapp ALTER COLUMN id ADD GENERATED BY DEFAULT AS IDENTITY (
    SEQUENCE NAME public.socialaccount_socialapp_id_seq
    START WITH 1
    INCREMENT BY 1
    NO MINVALUE
    NO MAXVALUE
    CACHE 1
);


--
-- Name: socialaccount_socialapp_sites; Type: TABLE; Schema: public; Owner: postgres
--

CREATE TABLE public.socialaccount_socialapp_sites (
    id bigint NOT NULL,
    socialapp_id integer NOT NULL,
    site_id integer NOT NULL
);


ALTER TABLE public.socialaccount_socialapp_sites OWNER TO postgres;

--
-- Name: socialaccount_socialapp_sites_id_seq; Type: SEQUENCE; Schema: public; Owner: postgres
--

ALTER TABLE public.socialaccount_socialapp_sites ALTER COLUMN id ADD GENERATED BY DEFAULT AS IDENTITY (
    SEQUENCE NAME public.socialaccount_socialapp_sites_id_seq
    START WITH 1
    INCREMENT BY 1
    NO MINVALUE
    NO MAXVALUE
    CACHE 1
);


--
-- Name: socialaccount_socialtoken; Type: TABLE; Schema: public; Owner: postgres
--

CREATE TABLE public.socialaccount_socialtoken (
    id integer NOT NULL,
    token text NOT NULL,
    token_secret text NOT NULL,
    expires_at timestamp with time zone,
    account_id integer NOT NULL,
    app_id integer
);


ALTER TABLE public.socialaccount_socialtoken OWNER TO postgres;

--
-- Name: socialaccount_socialtoken_id_seq; Type: SEQUENCE; Schema: public; Owner: postgres
--

ALTER TABLE public.socialaccount_socialtoken ALTER COLUMN id ADD GENERATED BY DEFAULT AS IDENTITY (
    SEQUENCE NAME public.socialaccount_socialtoken_id_seq
    START WITH 1
    INCREMENT BY 1
    NO MINVALUE
    NO MAXVALUE
    CACHE 1
);


--
-- Name: webpages_contact; Type: TABLE; Schema: public; Owner: postgres
--

CREATE TABLE public.webpages_contact (
    id bigint NOT NULL,
    full_name character varying(255) NOT NULL,
    phone_number character varying(20) NOT NULL,
    email character varying(254) NOT NULL,
    company_name character varying(255),
    subject character varying(255) NOT NULL,
    message text NOT NULL,
    created_at timestamp with time zone NOT NULL
);


ALTER TABLE public.webpages_contact OWNER TO postgres;

--
-- Name: webpages_contact_id_seq; Type: SEQUENCE; Schema: public; Owner: postgres
--

ALTER TABLE public.webpages_contact ALTER COLUMN id ADD GENERATED BY DEFAULT AS IDENTITY (
    SEQUENCE NAME public.webpages_contact_id_seq
    START WITH 1
    INCREMENT BY 1
    NO MINVALUE
    NO MAXVALUE
    CACHE 1
);


--
-- Name: webpages_slider; Type: TABLE; Schema: public; Owner: postgres
--

CREATE TABLE public.webpages_slider (
    id bigint NOT NULL,
    headline character varying(150) NOT NULL,
    subtitle character varying(255) NOT NULL,
    button_text character varying(50) NOT NULL,
    photo character varying(100) NOT NULL,
    created_date timestamp with time zone NOT NULL,
    button_link character varying(500) NOT NULL
);


ALTER TABLE public.webpages_slider OWNER TO postgres;

--
-- Name: webpages_slider_id_seq; Type: SEQUENCE; Schema: public; Owner: postgres
--

ALTER TABLE public.webpages_slider ALTER COLUMN id ADD GENERATED BY DEFAULT AS IDENTITY (
    SEQUENCE NAME public.webpages_slider_id_seq
    START WITH 1
    INCREMENT BY 1
    NO MINVALUE
    NO MAXVALUE
    CACHE 1
);


--
-- Name: webpages_team; Type: TABLE; Schema: public; Owner: postgres
--

CREATE TABLE public.webpages_team (
    id bigint NOT NULL,
    first_name character varying(50) NOT NULL,
    last_name character varying(50) NOT NULL,
    role character varying(50) NOT NULL,
    fb_link character varying(50) NOT NULL,
    linkedin_link character varying(50) NOT NULL,
    photo character varying(100) NOT NULL,
    created_date timestamp with time zone NOT NULL,
    yt_link character varying(500) NOT NULL
);


ALTER TABLE public.webpages_team OWNER TO postgres;

--
-- Name: webpages_team_id_seq; Type: SEQUENCE; Schema: public; Owner: postgres
--

ALTER TABLE public.webpages_team ALTER COLUMN id ADD GENERATED BY DEFAULT AS IDENTITY (
    SEQUENCE NAME public.webpages_team_id_seq
    START WITH 1
    INCREMENT BY 1
    NO MINVALUE
    NO MAXVALUE
    CACHE 1
);


--
-- Name: youtubers_youtubers; Type: TABLE; Schema: public; Owner: postgres
--

CREATE TABLE public.youtubers_youtubers (
    id bigint NOT NULL,
    name character varying(255) NOT NULL,
    price integer NOT NULL,
    photo character varying(100) NOT NULL,
    video_url character varying(255) NOT NULL,
    description text NOT NULL,
    city character varying(255) NOT NULL,
    age integer NOT NULL,
    height integer NOT NULL,
    crew character varying(255) NOT NULL,
    camera_type character varying(255) NOT NULL,
    subs_count character varying(255) NOT NULL,
    category character varying(255) NOT NULL,
    is_featured boolean NOT NULL,
    created_date timestamp with time zone NOT NULL
);


ALTER TABLE public.youtubers_youtubers OWNER TO postgres;

--
-- Name: youtubers_youtubers_id_seq; Type: SEQUENCE; Schema: public; Owner: postgres
--

ALTER TABLE public.youtubers_youtubers ALTER COLUMN id ADD GENERATED BY DEFAULT AS IDENTITY (
    SEQUENCE NAME public.youtubers_youtubers_id_seq
    START WITH 1
    INCREMENT BY 1
    NO MINVALUE
    NO MAXVALUE
    CACHE 1
);


--
-- Data for Name: account_emailaddress; Type: TABLE DATA; Schema: public; Owner: postgres
--

COPY public.account_emailaddress (id, email, verified, "primary", user_id) FROM stdin;
\.


--
-- Data for Name: account_emailconfirmation; Type: TABLE DATA; Schema: public; Owner: postgres
--

COPY public.account_emailconfirmation (id, created, sent, key, email_address_id) FROM stdin;
\.


--
-- Data for Name: auth_group; Type: TABLE DATA; Schema: public; Owner: postgres
--

COPY public.auth_group (id, name) FROM stdin;
\.


--
-- Data for Name: auth_group_permissions; Type: TABLE DATA; Schema: public; Owner: postgres
--

COPY public.auth_group_permissions (id, group_id, permission_id) FROM stdin;
\.


--
-- Data for Name: auth_permission; Type: TABLE DATA; Schema: public; Owner: postgres
--

COPY public.auth_permission (id, name, content_type_id, codename) FROM stdin;
1	Can add youtubers	1	add_youtubers
2	Can change youtubers	1	change_youtubers
3	Can delete youtubers	1	delete_youtubers
4	Can view youtubers	1	view_youtubers
5	Can add slider	2	add_slider
6	Can change slider	2	change_slider
7	Can delete slider	2	delete_slider
8	Can view slider	2	view_slider
9	Can add team	3	add_team
10	Can change team	3	change_team
11	Can delete team	3	delete_team
12	Can view team	3	view_team
13	Can add log entry	4	add_logentry
14	Can change log entry	4	change_logentry
15	Can delete log entry	4	delete_logentry
16	Can view log entry	4	view_logentry
17	Can add permission	5	add_permission
18	Can change permission	5	change_permission
19	Can delete permission	5	delete_permission
20	Can view permission	5	view_permission
21	Can add group	6	add_group
22	Can change group	6	change_group
23	Can delete group	6	delete_group
24	Can view group	6	view_group
25	Can add user	7	add_user
26	Can change user	7	change_user
27	Can delete user	7	delete_user
28	Can view user	7	view_user
29	Can add content type	8	add_contenttype
30	Can change content type	8	change_contenttype
31	Can delete content type	8	delete_contenttype
32	Can view content type	8	view_contenttype
33	Can add session	9	add_session
34	Can change session	9	change_session
35	Can delete session	9	delete_session
36	Can view session	9	view_session
37	Can add site	10	add_site
38	Can change site	10	change_site
39	Can delete site	10	delete_site
40	Can view site	10	view_site
41	Can add email address	11	add_emailaddress
42	Can change email address	11	change_emailaddress
43	Can delete email address	11	delete_emailaddress
44	Can view email address	11	view_emailaddress
45	Can add email confirmation	12	add_emailconfirmation
46	Can change email confirmation	12	change_emailconfirmation
47	Can delete email confirmation	12	delete_emailconfirmation
48	Can view email confirmation	12	view_emailconfirmation
49	Can add social account	13	add_socialaccount
50	Can change social account	13	change_socialaccount
51	Can delete social account	13	delete_socialaccount
52	Can view social account	13	view_socialaccount
53	Can add social application	14	add_socialapp
54	Can change social application	14	change_socialapp
55	Can delete social application	14	delete_socialapp
56	Can view social application	14	view_socialapp
57	Can add social application token	15	add_socialtoken
58	Can change social application token	15	change_socialtoken
59	Can delete social application token	15	delete_socialtoken
60	Can view social application token	15	view_socialtoken
61	Can add contact	16	add_contact
62	Can change contact	16	change_contact
63	Can delete contact	16	delete_contact
64	Can view contact	16	view_contact
\.


--
-- Data for Name: auth_user; Type: TABLE DATA; Schema: public; Owner: postgres
--

COPY public.auth_user (id, password, last_login, is_superuser, username, first_name, last_name, email, is_staff, is_active, date_joined) FROM stdin;
2	pbkdf2_sha256$720000$8UFs2IJssiVvy9NHOUvKRV$IT14BrJI3NTlaMaxbHNX7p85AE9gf1BHGdIRpJucsls=	2024-09-01 16:50:18.01014+00	f	brijeshbrd1	Brijesh	Dubey	143stfl@gmail.com	f	t	2024-09-01 16:50:08.481688+00
1	pbkdf2_sha256$720000$cSAkhUnx5LIJcq8P5qF5k3$YyydiSZvlLXX8Tt+DA1vslAd6DypL1fvhhnKeqf1ZEU=	2024-09-08 03:07:25.559+00	t	brijeshbrd			brijeshdubey8451@gmail.com	t	t	2024-09-01 07:48:00.478387+00
\.


--
-- Data for Name: auth_user_groups; Type: TABLE DATA; Schema: public; Owner: postgres
--

COPY public.auth_user_groups (id, user_id, group_id) FROM stdin;
\.


--
-- Data for Name: auth_user_user_permissions; Type: TABLE DATA; Schema: public; Owner: postgres
--

COPY public.auth_user_user_permissions (id, user_id, permission_id) FROM stdin;
\.


--
-- Data for Name: django_admin_log; Type: TABLE DATA; Schema: public; Owner: postgres
--

COPY public.django_admin_log (id, action_time, object_id, object_repr, action_flag, change_message, content_type_id, user_id) FROM stdin;
1	2024-09-01 08:00:54.741183+00	1	Bhuvan	1	[{"added": {}}]	3	1
2	2024-09-01 08:04:35.158118+00	2	Ashish	1	[{"added": {}}]	3	1
3	2024-09-01 08:05:26.615614+00	1	Bhuvan	3		3	1
4	2024-09-01 08:06:19.996563+00	2	Ashish	3		3	1
5	2024-09-01 08:06:57.222225+00	3	Bhuvan	1	[{"added": {}}]	3	1
6	2024-09-01 08:08:06.8744+00	4	Brijesh	1	[{"added": {}}]	3	1
7	2024-09-01 08:08:44.191652+00	3	Bhuvan	2	[]	3	1
8	2024-09-01 08:09:20.352771+00	5	Carry	1	[{"added": {}}]	3	1
9	2024-09-01 08:10:01.023669+00	6	Maithali	1	[{"added": {}}]	3	1
10	2024-09-01 08:10:44.408868+00	7	Ashish	1	[{"added": {}}]	3	1
11	2024-09-01 08:14:47.506387+00	1	Youtubers object (1)	1	[{"added": {}}]	1	1
12	2024-09-01 08:15:13.466144+00	1	Youtubers object (1)	2	[{"changed": {"fields": ["Is featured"]}}]	1	1
13	2024-09-01 09:53:52.036825+00	6	Vaishnavi	2	[{"changed": {"fields": ["First name", "Last name", "Role", "Linkedin link", "Photo"]}}]	3	1
14	2024-09-01 09:58:13.566882+00	7	Rupam	2	[{"changed": {"fields": ["First name", "Last name", "Role", "Photo"]}}]	3	1
15	2024-09-01 10:00:03.447651+00	5	Rajkumar	2	[{"changed": {"fields": ["First name", "Last name", "Linkedin link"]}}]	3	1
16	2024-09-01 10:02:13.419472+00	3	Shivam	2	[{"changed": {"fields": ["First name", "Last name", "Role", "Linkedin link", "Photo"]}}]	3	1
17	2024-09-01 10:02:29.746106+00	5	Rajkumar	2	[{"changed": {"fields": ["Photo"]}}]	3	1
18	2024-09-01 10:07:33.478929+00	4	Brijesh	2	[{"changed": {"fields": ["Photo"]}}]	3	1
19	2024-09-01 10:08:15.483809+00	3	Shivam	2	[{"changed": {"fields": ["Photo"]}}]	3	1
20	2024-09-01 10:09:04.023551+00	4	Brijesh	2	[{"changed": {"fields": ["Photo"]}}]	3	1
21	2024-09-01 10:11:50.677304+00	2	Youtubers object (2)	1	[{"added": {}}]	1	1
22	2024-09-01 10:13:01.479451+00	3	Youtubers object (3)	1	[{"added": {}}]	1	1
23	2024-09-01 10:15:40.776073+00	4	Youtubers object (4)	1	[{"added": {}}]	1	1
24	2024-09-01 10:17:32.079877+00	5	Youtubers object (5)	1	[{"added": {}}]	1	1
25	2024-09-01 10:18:52.886128+00	6	Youtubers object (6)	1	[{"added": {}}]	1	1
26	2024-09-01 10:26:09.15254+00	7	Youtubers object (7)	1	[{"added": {}}]	1	1
27	2024-09-01 13:46:04.200913+00	1	Have collaboration with youtubers	1	[{"added": {}}]	2	1
28	2024-09-01 13:48:47.585867+00	2	Invite youtubers in your event	1	[{"added": {}}]	2	1
29	2024-09-01 13:49:22.117266+00	3	Invite youtubers in your event	1	[{"added": {}}]	2	1
30	2024-09-01 15:54:43.234517+00	2	YTubers	1	[{"added": {}}]	10	1
31	2024-09-01 15:58:20.18081+00	1	Facebook	1	[{"added": {}}]	14	1
32	2024-09-01 16:46:35.070405+00	1	Facebook	2	[{"changed": {"fields": ["Sites"]}}]	14	1
33	2024-09-01 17:03:32.521511+00	2	Google_Login	1	[{"added": {}}]	14	1
34	2024-09-08 08:18:37.898807+00	1	Youtubers object (1)	2	[{"changed": {"fields": ["Video url", "Subs count"]}}]	1	1
35	2024-09-08 08:18:42.728831+00	1	Youtubers object (1)	2	[]	1	1
36	2024-09-08 08:19:32.408123+00	1	Youtubers object (1)	2	[]	1	1
37	2024-09-08 08:23:01.935815+00	2	Youtubers object (2)	2	[{"changed": {"fields": ["Video url", "Subs count"]}}]	1	1
38	2024-09-08 08:26:20.641663+00	1	Youtubers object (1)	2	[{"changed": {"fields": ["Video url"]}}]	1	1
39	2024-09-08 08:27:47.414253+00	3	Youtubers object (3)	2	[{"changed": {"fields": ["Video url", "Subs count"]}}]	1	1
40	2024-09-08 08:28:57.860728+00	4	Youtubers object (4)	2	[{"changed": {"fields": ["Video url", "Subs count"]}}]	1	1
41	2024-09-08 08:29:45.971323+00	5	Youtubers object (5)	2	[{"changed": {"fields": ["Video url", "Subs count"]}}]	1	1
42	2024-09-08 08:30:40.380695+00	6	Youtubers object (6)	2	[{"changed": {"fields": ["Video url", "Subs count"]}}]	1	1
43	2024-09-08 08:31:30.164262+00	7	Youtubers object (7)	2	[{"changed": {"fields": ["Video url", "Subs count"]}}]	1	1
44	2024-09-08 15:17:45.838339+00	1	Have collaboration with youtubers	2	[{"changed": {"fields": ["Button link"]}}]	2	1
\.


--
-- Data for Name: django_content_type; Type: TABLE DATA; Schema: public; Owner: postgres
--

COPY public.django_content_type (id, app_label, model) FROM stdin;
1	youtubers	youtubers
2	webpages	slider
3	webpages	team
4	admin	logentry
5	auth	permission
6	auth	group
7	auth	user
8	contenttypes	contenttype
9	sessions	session
10	sites	site
11	account	emailaddress
12	account	emailconfirmation
13	socialaccount	socialaccount
14	socialaccount	socialapp
15	socialaccount	socialtoken
16	webpages	contact
\.


--
-- Data for Name: django_migrations; Type: TABLE DATA; Schema: public; Owner: postgres
--

COPY public.django_migrations (id, app, name, applied) FROM stdin;
1	contenttypes	0001_initial	2024-09-01 06:48:37.924481+00
2	auth	0001_initial	2024-09-01 06:48:38.020379+00
3	account	0001_initial	2024-09-01 06:48:38.065918+00
4	account	0002_email_max_length	2024-09-01 06:48:38.077798+00
5	account	0003_alter_emailaddress_create_unique_verified_email	2024-09-01 06:48:38.109783+00
6	account	0004_alter_emailaddress_drop_unique_email	2024-09-01 06:48:38.133479+00
7	account	0005_emailaddress_idx_upper_email	2024-09-01 06:48:38.15641+00
8	account	0006_emailaddress_lower	2024-09-01 06:48:38.174164+00
9	account	0007_emailaddress_idx_email	2024-09-01 06:48:38.207379+00
10	account	0008_emailaddress_unique_primary_email_fixup	2024-09-01 06:48:38.226607+00
11	account	0009_emailaddress_unique_primary_email	2024-09-01 06:48:38.245714+00
12	admin	0001_initial	2024-09-01 06:48:38.290302+00
13	admin	0002_logentry_remove_auto_add	2024-09-01 06:48:38.303417+00
14	admin	0003_logentry_add_action_flag_choices	2024-09-01 06:48:38.315033+00
15	contenttypes	0002_remove_content_type_name	2024-09-01 06:48:38.344237+00
16	auth	0002_alter_permission_name_max_length	2024-09-01 06:48:38.358494+00
17	auth	0003_alter_user_email_max_length	2024-09-01 06:48:38.375747+00
18	auth	0004_alter_user_username_opts	2024-09-01 06:48:38.39174+00
19	auth	0005_alter_user_last_login_null	2024-09-01 06:48:38.414307+00
20	auth	0006_require_contenttypes_0002	2024-09-01 06:48:38.416404+00
21	auth	0007_alter_validators_add_error_messages	2024-09-01 06:48:38.430963+00
22	auth	0008_alter_user_username_max_length	2024-09-01 06:48:38.448595+00
23	auth	0009_alter_user_last_name_max_length	2024-09-01 06:48:38.464555+00
24	auth	0010_alter_group_name_max_length	2024-09-01 06:48:38.481585+00
25	auth	0011_update_proxy_permissions	2024-09-01 06:48:38.496082+00
26	auth	0012_alter_user_first_name_max_length	2024-09-01 06:48:38.512243+00
27	sessions	0001_initial	2024-09-01 06:48:38.529419+00
28	sites	0001_initial	2024-09-01 06:48:38.536416+00
29	sites	0002_alter_domain_unique	2024-09-01 06:48:38.547437+00
30	socialaccount	0001_initial	2024-09-01 06:48:38.647306+00
31	socialaccount	0002_token_max_lengths	2024-09-01 06:48:38.674423+00
32	socialaccount	0003_extra_data_default_dict	2024-09-01 06:48:38.688723+00
33	socialaccount	0004_app_provider_id_settings	2024-09-01 06:48:38.724121+00
34	socialaccount	0005_socialtoken_nullable_app	2024-09-01 06:48:38.752601+00
35	socialaccount	0006_alter_socialaccount_extra_data	2024-09-01 06:48:38.777355+00
36	webpages	0001_initial	2024-09-01 06:48:38.78979+00
37	webpages	0002_slider_butoon_link	2024-09-01 06:48:38.795012+00
38	webpages	0003_rename_butoon_link_slider_button_link	2024-09-01 06:48:38.80152+00
39	webpages	0004_team	2024-09-01 06:48:38.809693+00
40	webpages	0005_rename_linkedin_link_team_linkedin_link_team_yt_link	2024-09-01 06:48:38.823425+00
41	youtubers	0001_initial	2024-09-01 06:48:38.837743+00
42	youtubers	0002_alter_youtubers_camera_type_alter_youtubers_category_and_more	2024-09-01 06:48:38.852746+00
43	webpages	0006_contact	2024-09-08 03:08:16.399458+00
\.


--
-- Data for Name: django_session; Type: TABLE DATA; Schema: public; Owner: postgres
--

COPY public.django_session (session_key, session_data, expire_date) FROM stdin;
pcnqnkr5cweduex3gzbg0a9flswiqcs1	.eJxVjDsOwjAQBe_iGln-4B8lfc5grddrHEC2FCcV4u4QKQW0b2bei0XY1hq3QUucM7swyU6_WwJ8UNtBvkO7dY69rcuc-K7wgw4-9UzP6-H-HVQY9Vsrax2RFpiSI5GlURYlgoFShLaYgwmgXUq6nL0LEFxBlUGS8dJoj5q9P_R4ODQ:1skoGS:PRrTmRxwrsAsfXMIeq_yurlP4F_rrS4lV6nqqpOGEgE	2024-09-15 17:21:24.602099+00
xas9qe1wb98vdublaihit5kjj568iioy	.eJxVjDsOwjAQBe_iGln-4B8lfc5grddrHEC2FCcV4u4QKQW0b2bei0XY1hq3QUucM7swyU6_WwJ8UNtBvkO7dY69rcuc-K7wgw4-9UzP6-H-HVQY9Vsrax2RFpiSI5GlURYlgoFShLaYgwmgXUq6nL0LEFxBlUGS8dJoj5q9P_R4ODQ:1skoGT:qTXMY1WV7HiooOAS_UdTKPZ4vlExMUy70F75keOsuU0	2024-09-15 17:21:25.255753+00
v3ogjh59v7secoqilgl63fyxxx5gefjd	.eJxVjDsOwjAQBe_iGln-4B8lfc5grddrHEC2FCcV4u4QKQW0b2bei0XY1hq3QUucM7swyU6_WwJ8UNtBvkO7dY69rcuc-K7wgw4-9UzP6-H-HVQY9Vsrax2RFpiSI5GlURYlgoFShLaYgwmgXUq6nL0LEFxBlUGS8dJoj5q9P_R4ODQ:1skoGT:qTXMY1WV7HiooOAS_UdTKPZ4vlExMUy70F75keOsuU0	2024-09-15 17:21:25.860815+00
v1ounx3yaa9ow9wf8fcagnlkpfdqxgqf	.eJxVjDsOwjAQBe_iGln-4B8lfc5grddrHEC2FCcV4u4QKQW0b2bei0XY1hq3QUucM7swyU6_WwJ8UNtBvkO7dY69rcuc-K7wgw4-9UzP6-H-HVQY9Vsrax2RFpiSI5GlURYlgoFShLaYgwmgXUq6nL0LEFxBlUGS8dJoj5q9P_R4ODQ:1skoGT:qTXMY1WV7HiooOAS_UdTKPZ4vlExMUy70F75keOsuU0	2024-09-15 17:21:25.944305+00
rhfwcvxj0zn9cg831bfphndzqrevyxf5	.eJxVjDsOwjAQBe_iGln-4B8lfc5grddrHEC2FCcV4u4QKQW0b2bei0XY1hq3QUucM7swyU6_WwJ8UNtBvkO7dY69rcuc-K7wgw4-9UzP6-H-HVQY9Vsrax2RFpiSI5GlURYlgoFShLaYgwmgXUq6nL0LEFxBlUGS8dJoj5q9P_R4ODQ:1skyOk:1THz7MbPwgZwpxFywvgJgUj7U5I9b2UZAI4gI75fRVQ	2024-09-16 04:10:38.002271+00
xxg6hfbtfyqitpotiu9i22jb76ogxpl9	.eJxVjDsOwjAQBe_iGln-4B8lfc5grddrHEC2FCcV4u4QKQW0b2bei0XY1hq3QUucM7swyU6_WwJ8UNtBvkO7dY69rcuc-K7wgw4-9UzP6-H-HVQY9Vsrax2RFpiSI5GlURYlgoFShLaYgwmgXUq6nL0LEFxBlUGS8dJoj5q9P_R4ODQ:1sn8Gr:lhO0USI1_YaX3tGttllYX6Y-a9GP0vdJ4NIPBI35kGA	2024-09-22 03:07:25.562998+00
\.


--
-- Data for Name: django_site; Type: TABLE DATA; Schema: public; Owner: postgres
--

COPY public.django_site (id, domain, name) FROM stdin;
1	example.com	example.com
2	YTubers	Youtubers
\.


--
-- Data for Name: socialaccount_socialaccount; Type: TABLE DATA; Schema: public; Owner: postgres
--

COPY public.socialaccount_socialaccount (id, provider, uid, last_login, date_joined, extra_data, user_id) FROM stdin;
\.


--
-- Data for Name: socialaccount_socialapp; Type: TABLE DATA; Schema: public; Owner: postgres
--

COPY public.socialaccount_socialapp (id, provider, name, client_id, secret, key, provider_id, settings) FROM stdin;
1	facebook	Facebook	1430335131688686	c847a5dd603b833f53091bfea0d4e9fd			{}
2	google	Google_Login	163949740721-rb2t7l7vi0lih5tdgenevn9snbo5o7c0.apps.googleusercontent.com	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			{}
\.


--
-- Data for Name: socialaccount_socialapp_sites; Type: TABLE DATA; Schema: public; Owner: postgres
--

COPY public.socialaccount_socialapp_sites (id, socialapp_id, site_id) FROM stdin;
1	1	2
2	1	1
3	2	1
4	2	2
\.


--
-- Data for Name: socialaccount_socialtoken; Type: TABLE DATA; Schema: public; Owner: postgres
--

COPY public.socialaccount_socialtoken (id, token, token_secret, expires_at, account_id, app_id) FROM stdin;
\.


--
-- Data for Name: webpages_contact; Type: TABLE DATA; Schema: public; Owner: postgres
--

COPY public.webpages_contact (id, full_name, phone_number, email, company_name, subject, message, created_at) FROM stdin;
1	Brijesh Rangnath Dubey	08779502349	brijeshdubey8451@gmail.com	Armite	Subject (required)	hello	2024-09-08 03:08:54.276204+00
2	Brijesh Rangnath Dubey	08779502349	brijeshdubey8451@gmail.com	Armite	Subject (required)	hello	2024-09-08 03:20:05.969896+00
3	Brijesh Rangnath Dubey	08779502349	brijeshdubey8451@gmail.com	Armite	Subject (required)	hello	2024-09-08 03:20:29.860743+00
\.


--
-- Data for Name: webpages_slider; Type: TABLE DATA; Schema: public; Owner: postgres
--

COPY public.webpages_slider (id, headline, subtitle, button_text, photo, created_date, button_link) FROM stdin;
2	Invite youtubers in your event	Make your content with youtubers and collaborate with them.	Invite Youtuber	media/slider/24/pexels-athena-2962121.jpg	2024-09-01 13:48:47.579204+00	https://www.linkedin.com/in/brijesh-dubey-40481b215/
3	Invite youtubers in your event	Make your content with youtubers and collaborate with them.	Invite Youtuber	media/slider/24/pexels-ashley-fontana-720936.jpg	2024-09-01 13:49:22.11213+00	https://in.pinterest.com/
1	Have collaboration with youtubers	Youtubers will make the event more fun and entertaining.	Collabrate	media/slider/24/pexels-wendy-wei-1540343.jpg	2024-09-01 13:46:04.192296+00	tubers
\.


--
-- Data for Name: webpages_team; Type: TABLE DATA; Schema: public; Owner: postgres
--

COPY public.webpages_team (id, first_name, last_name, role, fb_link, linkedin_link, photo, created_date, yt_link) FROM stdin;
6	Vaishnavi	Patil	Co-founder	https://fb.com	https://www.linkedin.com/in/vaishnavi-patil-818357	media/team/2024/09/01/Vaishnavi_Patil.jpg	2024-09-01 08:10:01.021952+00	https://youtube.com
7	Rupam	Mishra	HR	https://fb.com	https://www.linkedin.com/in/brijesh-dubey-40481b21	media/team/2024/09/01/Rupam_MIshra.png	2024-09-01 08:10:44.404412+00	https://youtube.com
5	Rajkumar	Chaudhary	Manager	https://fb.com	https://www.linkedin.com/in/rajkumar-chaudhari-158	media/team/2024/09/01/Rajkumar_chaudhary.jpg	2024-09-01 08:09:20.350058+00	https://youtube.com
3	Shivam	Dubey	HR	https://fb.com	https://www.linkedin.com/in/shivam-shailendra-dube	media/team/2024/09/01/Shivam_Dubey_uuBecnd.jpg	2024-09-01 08:06:57.220482+00	https://youtube.com
4	Brijesh	Dubey	CEO	https://fb.com	https://www.linkedin.com/in/brijesh-dubey-40481b21	media/team/2024/09/01/IMG_20240826_194422_918.jpg	2024-09-01 08:08:06.871129+00	https://youtube.com
\.


--
-- Data for Name: youtubers_youtubers; Type: TABLE DATA; Schema: public; Owner: postgres
--

COPY public.youtubers_youtubers (id, name, price, photo, video_url, description, city, age, height, crew, camera_type, subs_count, category, is_featured, created_date) FROM stdin;
2	Hitesh Chaudhary	10000	media/ytubers/2024/09/hitesh-choudhary.jpg	B6jU_NR07ms?si=cx84gSgwrJTKJt3V	<p>Trainer and teacher</p>	Jaipur	32	175	small	sony	938K	code	f	2024-09-01 10:09:41+00
1	Gurlin Pannu	5000	media/ytubers/2024/09/Gurleen-Pannu.jpg	rfJ-6LrD4Ic?	<p>Stand up comedian</p>	Gurugram	26	170	solo	canon	5.4M	comedy	t	2024-09-01 08:13:10+00
3	Akash Gupta	7000	media/ytubers/2024/09/akash-gupta.jpg	GxJMuSAYZrE?si=Bc5VfA0wIKSfcM07&amp;start=8	<p>Stand up comedian</p>	New Delhi	29	160	solo	nikon	4.32M	standup	t	2024-09-01 10:11:50+00
4	Nischay Malhan	5000	media/ytubers/2024/09/Nischay-Malhan.jpg	w8LXV8-r9ek?si=mfmORvgRcZ8ApMlZ&amp;start=8	<p>Roaster and comedian</p>	Delhi	27	180	solo	panasonic	22.6M	comedy	t	2024-09-01 10:13:48+00
5	Abhinav Singh Bassi	10000	media/ytubers/2024/09/abhinav-.jpg	IEfBBYmxtIo?si=2gi37OkJnpbVfQdJ&amp;start=8	<p>standup comedian</p>	Gurugram	32	175	solo	red	5.05M	standup	f	2024-09-01 10:15:40+00
6	Abhishek Upmanyu	9000	media/ytubers/2024/09/Abhishek-Upmanyu.jpg	IcAV5qiko8M?si=S1sps2l5SOIlX1ue&amp;start=8	<p>Standup comedian</p>	New Delhi	30	170	solo	fuji	5.17M	standup	f	2024-09-01 10:17:32+00
7	Ajay Nagar	10000	media/ytubers/2024/09/Carry-Minati.png	WX7DBPcsiEs?si=q746sEnRzhatZBPa&amp;start=8	<p>Roaster and comedian</p>	New Delhi	28	167	small	nikon	43.1M	comedy	t	2024-09-01 10:18:53+00
\.


--
-- Name: account_emailaddress_id_seq; Type: SEQUENCE SET; Schema: public; Owner: postgres
--

SELECT pg_catalog.setval('public.account_emailaddress_id_seq', 1, false);


--
-- Name: account_emailconfirmation_id_seq; Type: SEQUENCE SET; Schema: public; Owner: postgres
--

SELECT pg_catalog.setval('public.account_emailconfirmation_id_seq', 1, false);


--
-- Name: auth_group_id_seq; Type: SEQUENCE SET; Schema: public; Owner: postgres
--

SELECT pg_catalog.setval('public.auth_group_id_seq', 1, false);


--
-- Name: auth_group_permissions_id_seq; Type: SEQUENCE SET; Schema: public; Owner: postgres
--

SELECT pg_catalog.setval('public.auth_group_permissions_id_seq', 1, false);


--
-- Name: auth_permission_id_seq; Type: SEQUENCE SET; Schema: public; Owner: postgres
--

SELECT pg_catalog.setval('public.auth_permission_id_seq', 64, true);


--
-- Name: auth_user_groups_id_seq; Type: SEQUENCE SET; Schema: public; Owner: postgres
--

SELECT pg_catalog.setval('public.auth_user_groups_id_seq', 1, false);


--
-- Name: auth_user_id_seq; Type: SEQUENCE SET; Schema: public; Owner: postgres
--

SELECT pg_catalog.setval('public.auth_user_id_seq', 2, true);


--
-- Name: auth_user_user_permissions_id_seq; Type: SEQUENCE SET; Schema: public; Owner: postgres
--

SELECT pg_catalog.setval('public.auth_user_user_permissions_id_seq', 1, false);


--
-- Name: django_admin_log_id_seq; Type: SEQUENCE SET; Schema: public; Owner: postgres
--

SELECT pg_catalog.setval('public.django_admin_log_id_seq', 44, true);


--
-- Name: django_content_type_id_seq; Type: SEQUENCE SET; Schema: public; Owner: postgres
--

SELECT pg_catalog.setval('public.django_content_type_id_seq', 16, true);


--
-- Name: django_migrations_id_seq; Type: SEQUENCE SET; Schema: public; Owner: postgres
--

SELECT pg_catalog.setval('public.django_migrations_id_seq', 43, true);


--
-- Name: django_site_id_seq; Type: SEQUENCE SET; Schema: public; Owner: postgres
--

SELECT pg_catalog.setval('public.django_site_id_seq', 2, true);


--
-- Name: socialaccount_socialaccount_id_seq; Type: SEQUENCE SET; Schema: public; Owner: postgres
--

SELECT pg_catalog.setval('public.socialaccount_socialaccount_id_seq', 1, false);


--
-- Name: socialaccount_socialapp_id_seq; Type: SEQUENCE SET; Schema: public; Owner: postgres
--

SELECT pg_catalog.setval('public.socialaccount_socialapp_id_seq', 2, true);


--
-- Name: socialaccount_socialapp_sites_id_seq; Type: SEQUENCE SET; Schema: public; Owner: postgres
--

SELECT pg_catalog.setval('public.socialaccount_socialapp_sites_id_seq', 4, true);


--
-- Name: socialaccount_socialtoken_id_seq; Type: SEQUENCE SET; Schema: public; Owner: postgres
--

SELECT pg_catalog.setval('public.socialaccount_socialtoken_id_seq', 1, false);


--
-- Name: webpages_contact_id_seq; Type: SEQUENCE SET; Schema: public; Owner: postgres
--

SELECT pg_catalog.setval('public.webpages_contact_id_seq', 3, true);


--
-- Name: webpages_slider_id_seq; Type: SEQUENCE SET; Schema: public; Owner: postgres
--

SELECT pg_catalog.setval('public.webpages_slider_id_seq', 3, true);


--
-- Name: webpages_team_id_seq; Type: SEQUENCE SET; Schema: public; Owner: postgres
--

SELECT pg_catalog.setval('public.webpages_team_id_seq', 7, true);


--
-- Name: youtubers_youtubers_id_seq; Type: SEQUENCE SET; Schema: public; Owner: postgres
--

SELECT pg_catalog.setval('public.youtubers_youtubers_id_seq', 7, true);


--
-- Name: account_emailaddress account_emailaddress_pkey; Type: CONSTRAINT; Schema: public; Owner: postgres
--

ALTER TABLE ONLY public.account_emailaddress
    ADD CONSTRAINT account_emailaddress_pkey PRIMARY KEY (id);


--
-- Name: account_emailaddress account_emailaddress_user_id_email_987c8728_uniq; Type: CONSTRAINT; Schema: public; Owner: postgres
--

ALTER TABLE ONLY public.account_emailaddress
    ADD CONSTRAINT account_emailaddress_user_id_email_987c8728_uniq UNIQUE (user_id, email);


--
-- Name: account_emailconfirmation account_emailconfirmation_key_key; Type: CONSTRAINT; Schema: public; Owner: postgres
--

ALTER TABLE ONLY public.account_emailconfirmation
    ADD CONSTRAINT account_emailconfirmation_key_key UNIQUE (key);


--
-- Name: account_emailconfirmation account_emailconfirmation_pkey; Type: CONSTRAINT; Schema: public; Owner: postgres
--

ALTER TABLE ONLY public.account_emailconfirmation
    ADD CONSTRAINT account_emailconfirmation_pkey PRIMARY KEY (id);


--
-- Name: auth_group auth_group_name_key; Type: CONSTRAINT; Schema: public; Owner: postgres
--

ALTER TABLE ONLY public.auth_group
    ADD CONSTRAINT auth_group_name_key UNIQUE (name);


--
-- Name: auth_group_permissions auth_group_permissions_group_id_permission_id_0cd325b0_uniq; Type: CONSTRAINT; Schema: public; Owner: postgres
--

ALTER TABLE ONLY public.auth_group_permissions
    ADD CONSTRAINT auth_group_permissions_group_id_permission_id_0cd325b0_uniq UNIQUE (group_id, permission_id);


--
-- Name: auth_group_permissions auth_group_permissions_pkey; Type: CONSTRAINT; Schema: public; Owner: postgres
--

ALTER TABLE ONLY public.auth_group_permissions
    ADD CONSTRAINT auth_group_permissions_pkey PRIMARY KEY (id);


--
-- Name: auth_group auth_group_pkey; Type: CONSTRAINT; Schema: public; Owner: postgres
--

ALTER TABLE ONLY public.auth_group
    ADD CONSTRAINT auth_group_pkey PRIMARY KEY (id);


--
-- Name: auth_permission auth_permission_content_type_id_codename_01ab375a_uniq; Type: CONSTRAINT; Schema: public; Owner: postgres
--

ALTER TABLE ONLY public.auth_permission
    ADD CONSTRAINT auth_permission_content_type_id_codename_01ab375a_uniq UNIQUE (content_type_id, codename);


--
-- Name: auth_permission auth_permission_pkey; Type: CONSTRAINT; Schema: public; Owner: postgres
--

ALTER TABLE ONLY public.auth_permission
    ADD CONSTRAINT auth_permission_pkey PRIMARY KEY (id);


--
-- Name: auth_user_groups auth_user_groups_pkey; Type: CONSTRAINT; Schema: public; Owner: postgres
--

ALTER TABLE ONLY public.auth_user_groups
    ADD CONSTRAINT auth_user_groups_pkey PRIMARY KEY (id);


--
-- Name: auth_user_groups auth_user_groups_user_id_group_id_94350c0c_uniq; Type: CONSTRAINT; Schema: public; Owner: postgres
--

ALTER TABLE ONLY public.auth_user_groups
    ADD CONSTRAINT auth_user_groups_user_id_group_id_94350c0c_uniq UNIQUE (user_id, group_id);


--
-- Name: auth_user auth_user_pkey; Type: CONSTRAINT; Schema: public; Owner: postgres
--

ALTER TABLE ONLY public.auth_user
    ADD CONSTRAINT auth_user_pkey PRIMARY KEY (id);


--
-- Name: auth_user_user_permissions auth_user_user_permissions_pkey; Type: CONSTRAINT; Schema: public; Owner: postgres
--

ALTER TABLE ONLY public.auth_user_user_permissions
    ADD CONSTRAINT auth_user_user_permissions_pkey PRIMARY KEY (id);


--
-- Name: auth_user_user_permissions auth_user_user_permissions_user_id_permission_id_14a6b632_uniq; Type: CONSTRAINT; Schema: public; Owner: postgres
--

ALTER TABLE ONLY public.auth_user_user_permissions
    ADD CONSTRAINT auth_user_user_permissions_user_id_permission_id_14a6b632_uniq UNIQUE (user_id, permission_id);


--
-- Name: auth_user auth_user_username_key; Type: CONSTRAINT; Schema: public; Owner: postgres
--

ALTER TABLE ONLY public.auth_user
    ADD CONSTRAINT auth_user_username_key UNIQUE (username);


--
-- Name: django_admin_log django_admin_log_pkey; Type: CONSTRAINT; Schema: public; Owner: postgres
--

ALTER TABLE ONLY public.django_admin_log
    ADD CONSTRAINT django_admin_log_pkey PRIMARY KEY (id);


--
-- Name: django_content_type django_content_type_app_label_model_76bd3d3b_uniq; Type: CONSTRAINT; Schema: public; Owner: postgres
--

ALTER TABLE ONLY public.django_content_type
    ADD CONSTRAINT django_content_type_app_label_model_76bd3d3b_uniq UNIQUE (app_label, model);


--
-- Name: django_content_type django_content_type_pkey; Type: CONSTRAINT; Schema: public; Owner: postgres
--

ALTER TABLE ONLY public.django_content_type
    ADD CONSTRAINT django_content_type_pkey PRIMARY KEY (id);


--
-- Name: django_migrations django_migrations_pkey; Type: CONSTRAINT; Schema: public; Owner: postgres
--

ALTER TABLE ONLY public.django_migrations
    ADD CONSTRAINT django_migrations_pkey PRIMARY KEY (id);


--
-- Name: django_session django_session_pkey; Type: CONSTRAINT; Schema: public; Owner: postgres
--

ALTER TABLE ONLY public.django_session
    ADD CONSTRAINT django_session_pkey PRIMARY KEY (session_key);


--
-- Name: django_site django_site_domain_a2e37b91_uniq; Type: CONSTRAINT; Schema: public; Owner: postgres
--

ALTER TABLE ONLY public.django_site
    ADD CONSTRAINT django_site_domain_a2e37b91_uniq UNIQUE (domain);


--
-- Name: django_site django_site_pkey; Type: CONSTRAINT; Schema: public; Owner: postgres
--

ALTER TABLE ONLY public.django_site
    ADD CONSTRAINT django_site_pkey PRIMARY KEY (id);


--
-- Name: socialaccount_socialaccount socialaccount_socialaccount_pkey; Type: CONSTRAINT; Schema: public; Owner: postgres
--

ALTER TABLE ONLY public.socialaccount_socialaccount
    ADD CONSTRAINT socialaccount_socialaccount_pkey PRIMARY KEY (id);


--
-- Name: socialaccount_socialaccount socialaccount_socialaccount_provider_uid_fc810c6e_uniq; Type: CONSTRAINT; Schema: public; Owner: postgres
--

ALTER TABLE ONLY public.socialaccount_socialaccount
    ADD CONSTRAINT socialaccount_socialaccount_provider_uid_fc810c6e_uniq UNIQUE (provider, uid);


--
-- Name: socialaccount_socialapp_sites socialaccount_socialapp__socialapp_id_site_id_71a9a768_uniq; Type: CONSTRAINT; Schema: public; Owner: postgres
--

ALTER TABLE ONLY public.socialaccount_socialapp_sites
    ADD CONSTRAINT socialaccount_socialapp__socialapp_id_site_id_71a9a768_uniq UNIQUE (socialapp_id, site_id);


--
-- Name: socialaccount_socialapp socialaccount_socialapp_pkey; Type: CONSTRAINT; Schema: public; Owner: postgres
--

ALTER TABLE ONLY public.socialaccount_socialapp
    ADD CONSTRAINT socialaccount_socialapp_pkey PRIMARY KEY (id);


--
-- Name: socialaccount_socialapp_sites socialaccount_socialapp_sites_pkey; Type: CONSTRAINT; Schema: public; Owner: postgres
--

ALTER TABLE ONLY public.socialaccount_socialapp_sites
    ADD CONSTRAINT socialaccount_socialapp_sites_pkey PRIMARY KEY (id);


--
-- Name: socialaccount_socialtoken socialaccount_socialtoken_app_id_account_id_fca4e0ac_uniq; Type: CONSTRAINT; Schema: public; Owner: postgres
--

ALTER TABLE ONLY public.socialaccount_socialtoken
    ADD CONSTRAINT socialaccount_socialtoken_app_id_account_id_fca4e0ac_uniq UNIQUE (app_id, account_id);


--
-- Name: socialaccount_socialtoken socialaccount_socialtoken_pkey; Type: CONSTRAINT; Schema: public; Owner: postgres
--

ALTER TABLE ONLY public.socialaccount_socialtoken
    ADD CONSTRAINT socialaccount_socialtoken_pkey PRIMARY KEY (id);


--
-- Name: webpages_contact webpages_contact_pkey; Type: CONSTRAINT; Schema: public; Owner: postgres
--

ALTER TABLE ONLY public.webpages_contact
    ADD CONSTRAINT webpages_contact_pkey PRIMARY KEY (id);


--
-- Name: webpages_slider webpages_slider_pkey; Type: CONSTRAINT; Schema: public; Owner: postgres
--

ALTER TABLE ONLY public.webpages_slider
    ADD CONSTRAINT webpages_slider_pkey PRIMARY KEY (id);


--
-- Name: webpages_team webpages_team_pkey; Type: CONSTRAINT; Schema: public; Owner: postgres
--

ALTER TABLE ONLY public.webpages_team
    ADD CONSTRAINT webpages_team_pkey PRIMARY KEY (id);


--
-- Name: youtubers_youtubers youtubers_youtubers_pkey; Type: CONSTRAINT; Schema: public; Owner: postgres
--

ALTER TABLE ONLY public.youtubers_youtubers
    ADD CONSTRAINT youtubers_youtubers_pkey PRIMARY KEY (id);


--
-- Name: account_emailaddress_email_03be32b2; Type: INDEX; Schema: public; Owner: postgres
--

CREATE INDEX account_emailaddress_email_03be32b2 ON public.account_emailaddress USING btree (email);


--
-- Name: account_emailaddress_email_03be32b2_like; Type: INDEX; Schema: public; Owner: postgres
--

CREATE INDEX account_emailaddress_email_03be32b2_like ON public.account_emailaddress USING btree (email varchar_pattern_ops);


--
-- Name: account_emailaddress_user_id_2c513194; Type: INDEX; Schema: public; Owner: postgres
--

CREATE INDEX account_emailaddress_user_id_2c513194 ON public.account_emailaddress USING btree (user_id);


--
-- Name: account_emailconfirmation_email_address_id_5b7f8c58; Type: INDEX; Schema: public; Owner: postgres
--

CREATE INDEX account_emailconfirmation_email_address_id_5b7f8c58 ON public.account_emailconfirmation USING btree (email_address_id);


--
-- Name: account_emailconfirmation_key_f43612bd_like; Type: INDEX; Schema: public; Owner: postgres
--

CREATE INDEX account_emailconfirmation_key_f43612bd_like ON public.account_emailconfirmation USING btree (key varchar_pattern_ops);


--
-- Name: auth_group_name_a6ea08ec_like; Type: INDEX; Schema: public; Owner: postgres
--

CREATE INDEX auth_group_name_a6ea08ec_like ON public.auth_group USING btree (name varchar_pattern_ops);


--
-- Name: auth_group_permissions_group_id_b120cbf9; Type: INDEX; Schema: public; Owner: postgres
--

CREATE INDEX auth_group_permissions_group_id_b120cbf9 ON public.auth_group_permissions USING btree (group_id);


--
-- Name: auth_group_permissions_permission_id_84c5c92e; Type: INDEX; Schema: public; Owner: postgres
--

CREATE INDEX auth_group_permissions_permission_id_84c5c92e ON public.auth_group_permissions USING btree (permission_id);


--
-- Name: auth_permission_content_type_id_2f476e4b; Type: INDEX; Schema: public; Owner: postgres
--

CREATE INDEX auth_permission_content_type_id_2f476e4b ON public.auth_permission USING btree (content_type_id);


--
-- Name: auth_user_groups_group_id_97559544; Type: INDEX; Schema: public; Owner: postgres
--

CREATE INDEX auth_user_groups_group_id_97559544 ON public.auth_user_groups USING btree (group_id);


--
-- Name: auth_user_groups_user_id_6a12ed8b; Type: INDEX; Schema: public; Owner: postgres
--

CREATE INDEX auth_user_groups_user_id_6a12ed8b ON public.auth_user_groups USING btree (user_id);


--
-- Name: auth_user_user_permissions_permission_id_1fbb5f2c; Type: INDEX; Schema: public; Owner: postgres
--

CREATE INDEX auth_user_user_permissions_permission_id_1fbb5f2c ON public.auth_user_user_permissions USING btree (permission_id);


--
-- Name: auth_user_user_permissions_user_id_a95ead1b; Type: INDEX; Schema: public; Owner: postgres
--

CREATE INDEX auth_user_user_permissions_user_id_a95ead1b ON public.auth_user_user_permissions USING btree (user_id);


--
-- Name: auth_user_username_6821ab7c_like; Type: INDEX; Schema: public; Owner: postgres
--

CREATE INDEX auth_user_username_6821ab7c_like ON public.auth_user USING btree (username varchar_pattern_ops);


--
-- Name: django_admin_log_content_type_id_c4bce8eb; Type: INDEX; Schema: public; Owner: postgres
--

CREATE INDEX django_admin_log_content_type_id_c4bce8eb ON public.django_admin_log USING btree (content_type_id);


--
-- Name: django_admin_log_user_id_c564eba6; Type: INDEX; Schema: public; Owner: postgres
--

CREATE INDEX django_admin_log_user_id_c564eba6 ON public.django_admin_log USING btree (user_id);


--
-- Name: django_session_expire_date_a5c62663; Type: INDEX; Schema: public; Owner: postgres
--

CREATE INDEX django_session_expire_date_a5c62663 ON public.django_session USING btree (expire_date);


--
-- Name: django_session_session_key_c0390e0f_like; Type: INDEX; Schema: public; Owner: postgres
--

CREATE INDEX django_session_session_key_c0390e0f_like ON public.django_session USING btree (session_key varchar_pattern_ops);


--
-- Name: django_site_domain_a2e37b91_like; Type: INDEX; Schema: public; Owner: postgres
--

CREATE INDEX django_site_domain_a2e37b91_like ON public.django_site USING btree (domain varchar_pattern_ops);


--
-- Name: socialaccount_socialaccount_user_id_8146e70c; Type: INDEX; Schema: public; Owner: postgres
--

CREATE INDEX socialaccount_socialaccount_user_id_8146e70c ON public.socialaccount_socialaccount USING btree (user_id);


--
-- Name: socialaccount_socialapp_sites_site_id_2579dee5; Type: INDEX; Schema: public; Owner: postgres
--

CREATE INDEX socialaccount_socialapp_sites_site_id_2579dee5 ON public.socialaccount_socialapp_sites USING btree (site_id);


--
-- Name: socialaccount_socialapp_sites_socialapp_id_97fb6e7d; Type: INDEX; Schema: public; Owner: postgres
--

CREATE INDEX socialaccount_socialapp_sites_socialapp_id_97fb6e7d ON public.socialaccount_socialapp_sites USING btree (socialapp_id);


--
-- Name: socialaccount_socialtoken_account_id_951f210e; Type: INDEX; Schema: public; Owner: postgres
--

CREATE INDEX socialaccount_socialtoken_account_id_951f210e ON public.socialaccount_socialtoken USING btree (account_id);


--
-- Name: socialaccount_socialtoken_app_id_636a42d7; Type: INDEX; Schema: public; Owner: postgres
--

CREATE INDEX socialaccount_socialtoken_app_id_636a42d7 ON public.socialaccount_socialtoken USING btree (app_id);


--
-- Name: unique_primary_email; Type: INDEX; Schema: public; Owner: postgres
--

CREATE UNIQUE INDEX unique_primary_email ON public.account_emailaddress USING btree (user_id, "primary") WHERE "primary";


--
-- Name: unique_verified_email; Type: INDEX; Schema: public; Owner: postgres
--

CREATE UNIQUE INDEX unique_verified_email ON public.account_emailaddress USING btree (email) WHERE verified;


--
-- Name: account_emailaddress account_emailaddress_user_id_2c513194_fk_auth_user_id; Type: FK CONSTRAINT; Schema: public; Owner: postgres
--

ALTER TABLE ONLY public.account_emailaddress
    ADD CONSTRAINT account_emailaddress_user_id_2c513194_fk_auth_user_id FOREIGN KEY (user_id) REFERENCES public.auth_user(id) DEFERRABLE INITIALLY DEFERRED;


--
-- Name: account_emailconfirmation account_emailconfirm_email_address_id_5b7f8c58_fk_account_e; Type: FK CONSTRAINT; Schema: public; Owner: postgres
--

ALTER TABLE ONLY public.account_emailconfirmation
    ADD CONSTRAINT account_emailconfirm_email_address_id_5b7f8c58_fk_account_e FOREIGN KEY (email_address_id) REFERENCES public.account_emailaddress(id) DEFERRABLE INITIALLY DEFERRED;


--
-- Name: auth_group_permissions auth_group_permissio_permission_id_84c5c92e_fk_auth_perm; Type: FK CONSTRAINT; Schema: public; Owner: postgres
--

ALTER TABLE ONLY public.auth_group_permissions
    ADD CONSTRAINT auth_group_permissio_permission_id_84c5c92e_fk_auth_perm FOREIGN KEY (permission_id) REFERENCES public.auth_permission(id) DEFERRABLE INITIALLY DEFERRED;


--
-- Name: auth_group_permissions auth_group_permissions_group_id_b120cbf9_fk_auth_group_id; Type: FK CONSTRAINT; Schema: public; Owner: postgres
--

ALTER TABLE ONLY public.auth_group_permissions
    ADD CONSTRAINT auth_group_permissions_group_id_b120cbf9_fk_auth_group_id FOREIGN KEY (group_id) REFERENCES public.auth_group(id) DEFERRABLE INITIALLY DEFERRED;


--
-- Name: auth_permission auth_permission_content_type_id_2f476e4b_fk_django_co; Type: FK CONSTRAINT; Schema: public; Owner: postgres
--

ALTER TABLE ONLY public.auth_permission
    ADD CONSTRAINT auth_permission_content_type_id_2f476e4b_fk_django_co FOREIGN KEY (content_type_id) REFERENCES public.django_content_type(id) DEFERRABLE INITIALLY DEFERRED;


--
-- Name: auth_user_groups auth_user_groups_group_id_97559544_fk_auth_group_id; Type: FK CONSTRAINT; Schema: public; Owner: postgres
--

ALTER TABLE ONLY public.auth_user_groups
    ADD CONSTRAINT auth_user_groups_group_id_97559544_fk_auth_group_id FOREIGN KEY (group_id) REFERENCES public.auth_group(id) DEFERRABLE INITIALLY DEFERRED;


--
-- Name: auth_user_groups auth_user_groups_user_id_6a12ed8b_fk_auth_user_id; Type: FK CONSTRAINT; Schema: public; Owner: postgres
--

ALTER TABLE ONLY public.auth_user_groups
    ADD CONSTRAINT auth_user_groups_user_id_6a12ed8b_fk_auth_user_id FOREIGN KEY (user_id) REFERENCES public.auth_user(id) DEFERRABLE INITIALLY DEFERRED;


--
-- Name: auth_user_user_permissions auth_user_user_permi_permission_id_1fbb5f2c_fk_auth_perm; Type: FK CONSTRAINT; Schema: public; Owner: postgres
--

ALTER TABLE ONLY public.auth_user_user_permissions
    ADD CONSTRAINT auth_user_user_permi_permission_id_1fbb5f2c_fk_auth_perm FOREIGN KEY (permission_id) REFERENCES public.auth_permission(id) DEFERRABLE INITIALLY DEFERRED;


--
-- Name: auth_user_user_permissions auth_user_user_permissions_user_id_a95ead1b_fk_auth_user_id; Type: FK CONSTRAINT; Schema: public; Owner: postgres
--

ALTER TABLE ONLY public.auth_user_user_permissions
    ADD CONSTRAINT auth_user_user_permissions_user_id_a95ead1b_fk_auth_user_id FOREIGN KEY (user_id) REFERENCES public.auth_user(id) DEFERRABLE INITIALLY DEFERRED;


--
-- Name: django_admin_log django_admin_log_content_type_id_c4bce8eb_fk_django_co; Type: FK CONSTRAINT; Schema: public; Owner: postgres
--

ALTER TABLE ONLY public.django_admin_log
    ADD CONSTRAINT django_admin_log_content_type_id_c4bce8eb_fk_django_co FOREIGN KEY (content_type_id) REFERENCES public.django_content_type(id) DEFERRABLE INITIALLY DEFERRED;


--
-- Name: django_admin_log django_admin_log_user_id_c564eba6_fk_auth_user_id; Type: FK CONSTRAINT; Schema: public; Owner: postgres
--

ALTER TABLE ONLY public.django_admin_log
    ADD CONSTRAINT django_admin_log_user_id_c564eba6_fk_auth_user_id FOREIGN KEY (user_id) REFERENCES public.auth_user(id) DEFERRABLE INITIALLY DEFERRED;


--
-- Name: socialaccount_socialtoken socialaccount_social_account_id_951f210e_fk_socialacc; Type: FK CONSTRAINT; Schema: public; Owner: postgres
--

ALTER TABLE ONLY public.socialaccount_socialtoken
    ADD CONSTRAINT socialaccount_social_account_id_951f210e_fk_socialacc FOREIGN KEY (account_id) REFERENCES public.socialaccount_socialaccount(id) DEFERRABLE INITIALLY DEFERRED;


--
-- Name: socialaccount_socialtoken socialaccount_social_app_id_636a42d7_fk_socialacc; Type: FK CONSTRAINT; Schema: public; Owner: postgres
--

ALTER TABLE ONLY public.socialaccount_socialtoken
    ADD CONSTRAINT socialaccount_social_app_id_636a42d7_fk_socialacc FOREIGN KEY (app_id) REFERENCES public.socialaccount_socialapp(id) DEFERRABLE INITIALLY DEFERRED;


--
-- Name: socialaccount_socialapp_sites socialaccount_social_site_id_2579dee5_fk_django_si; Type: FK CONSTRAINT; Schema: public; Owner: postgres
--

ALTER TABLE ONLY public.socialaccount_socialapp_sites
    ADD CONSTRAINT socialaccount_social_site_id_2579dee5_fk_django_si FOREIGN KEY (site_id) REFERENCES public.django_site(id) DEFERRABLE INITIALLY DEFERRED;


--
-- Name: socialaccount_socialapp_sites socialaccount_social_socialapp_id_97fb6e7d_fk_socialacc; Type: FK CONSTRAINT; Schema: public; Owner: postgres
--

ALTER TABLE ONLY public.socialaccount_socialapp_sites
    ADD CONSTRAINT socialaccount_social_socialapp_id_97fb6e7d_fk_socialacc FOREIGN KEY (socialapp_id) REFERENCES public.socialaccount_socialapp(id) DEFERRABLE INITIALLY DEFERRED;


--
-- Name: socialaccount_socialaccount socialaccount_socialaccount_user_id_8146e70c_fk_auth_user_id; Type: FK CONSTRAINT; Schema: public; Owner: postgres
--

ALTER TABLE ONLY public.socialaccount_socialaccount
    ADD CONSTRAINT socialaccount_socialaccount_user_id_8146e70c_fk_auth_user_id FOREIGN KEY (user_id) REFERENCES public.auth_user(id) DEFERRABLE INITIALLY DEFERRED;


--
-- PostgreSQL database dump complete
--

